"","id","user_id","quality_grade","latitude","longitude","species","scientific_name"
"1",229,5,"research",-42.97006327,171.5570892,"Kea","Nestor notabilis"
"2",3926,129,"casual",-45.35207015,167.730725,"Kea","Nestor notabilis"
"3",15918,1115,"research",-42.98001125,171.6308292,"Kea","Nestor notabilis"
"4",191315,12615,"research",-43.8102804,169.9835845,"Kea","Nestor notabilis"
"5",216391,12615,"research",-43.7822936,169.9123951,"Kea","Nestor notabilis"
"6",352465,18222,"research",-45.34314712,167.677805,"Kea","Nestor notabilis"
"7",417231,15795,"research",-42.88101227,171.4709993,"Kea","Nestor notabilis"
"8",424093,23093,"research",-43.0059021,171.506125,"Kea","Nestor notabilis"
"9",444614,3773,"research",-44.81207509,168.1544625,"Kea","Nestor notabilis"
"10",444615,3773,"research",-44.82254213,167.9492017,"Kea","Nestor notabilis"
"11",940900,5302,"research",-42.86978878,171.651632,"Kea","Nestor notabilis"
"12",941045,1115,"casual",-43.47461584,172.5749266,"Kea","Nestor notabilis"
"13",941214,1115,"research",-43.06494785,171.7408142,"Kea","Nestor notabilis"
"14",941220,1115,"research",-42.92612998,171.5175369,"Kea","Nestor notabilis"
"15",941221,1115,"research",-42.94431255,171.5810118,"Kea","Nestor notabilis"
"16",941222,1115,"research",-42.88957729,171.5009489,"Kea","Nestor notabilis"
"17",941385,57530,"research",-43.43918843,171.5296911,"Kea","Nestor notabilis"
"18",943550,1115,"research",-42.84793098,171.5118429,"Kea","Nestor notabilis"
"19",943601,1115,"research",-42.94435743,171.6640299,"Kea","Nestor notabilis"
"20",943624,1115,"research",-42.93979818,171.480132,"Kea","Nestor notabilis"
"21",943729,57560,"research",-42.94660931,171.4692503,"Kea","Nestor notabilis"
"22",943889,57573,"casual",-43.79219845,170.2376228,"Kea","Nestor notabilis"
"23",945030,57560,"research",-42.82540525,171.5997113,"Kea","Nestor notabilis"
"24",945032,57560,"research",-42.82930908,171.6466997,"Kea","Nestor notabilis"
"25",945034,57560,"research",-42.90205693,171.4435862,"Kea","Nestor notabilis"
"26",945036,57560,"research",-42.92411187,171.4768063,"Kea","Nestor notabilis"
"27",945048,57560,"research",-42.841996,171.5406693,"Kea","Nestor notabilis"
"28",945745,57560,"research",-42.96585295,171.6828428,"Kea","Nestor notabilis"
"29",945746,57560,"research",-42.90785679,171.5115239,"Kea","Nestor notabilis"
"30",945747,57560,"research",-43.01813999,171.5797931,"Kea","Nestor notabilis"
"31",946734,57514,"research",-43.55023574,169.9624841,"Kea","Nestor notabilis"
"32",946985,57507,"research",-43.1092844,171.8154464,"Kea","Nestor notabilis"
"33",948616,57735,"research",-43.00257772,171.489527,"Kea","Nestor notabilis"
"34",948974,57514,"casual",-45.15415581,167.253781,"Kea","Nestor notabilis"
"35",948979,57514,"casual",-44.97722376,167.7297484,"Kea","Nestor notabilis"
"36",948995,57514,"casual",-45.60726598,167.2235877,"Kea","Nestor notabilis"
"37",949055,57650,"research",-42.8846396,171.4641095,"Kea","Nestor notabilis"
"38",953508,2804,"research",-42.97546463,171.5700358,"Kea","Nestor notabilis"
"39",954765,56952,"casual",-43.20406889,171.7485756,"Kea","Nestor notabilis"
"40",956069,56928,"casual",-42.91368714,171.5780312,"Kea","Nestor notabilis"
"41",958120,57756,"casual",-44.91426062,168.2381387,"Kea","Nestor notabilis"
"42",959520,1115,"research",-42.87290459,171.5587199,"Kea","Nestor notabilis"
"43",959744,57514,"casual",-42.49980388,172.1090877,"Kea","Nestor notabilis"
"44",960664,57560,"research",-42.96192694,171.643731,"Kea","Nestor notabilis"
"45",963651,1115,"research",-42.96963571,171.7100169,"Kea","Nestor notabilis"
"46",964297,1115,"research",-43.06927366,171.7073904,"Kea","Nestor notabilis"
"47",965028,1115,"casual",-43.50156216,172.564876,"Kea","Nestor notabilis"
"48",967679,56952,"research",-42.95863162,171.5945067,"Kea","Nestor notabilis"
"49",969691,57511,"research",-43.20234239,171.6344824,"Kea","Nestor notabilis"
"50",970762,1115,"research",-42.89435478,171.5780985,"Kea","Nestor notabilis"
"51",970913,57756,"research",-44.7494148,168.2669274,"Kea","Nestor notabilis"
"52",972732,57518,"research",-43.16318909,171.5498232,"Kea","Nestor notabilis"
"53",974848,56952,"casual",-43.44153335,170.139053,"Kea","Nestor notabilis"
"54",982319,57507,"research",-42.37008988,173.6080664,"Kea","Nestor notabilis"
"55",983675,56928,"research",-42.89698698,171.4953887,"Kea","Nestor notabilis"
"56",983850,58688,"research",-43.25509533,171.7462018,"Kea","Nestor notabilis"
"57",988339,57560,"research",-42.87159432,171.6296177,"Kea","Nestor notabilis"
"58",989172,56690,"research",-43.20060671,171.7265737,"Kea","Nestor notabilis"
"59",990693,56960,"research",-44.74693439,168.2494697,"Kea","Nestor notabilis"
"60",990911,58906,"research",-42.89910329,171.6643992,"Kea","Nestor notabilis"
"61",992501,57560,"research",-42.95198679,171.6041522,"Kea","Nestor notabilis"
"62",993223,58872,"research",-42.94069696,171.5225696,"Kea","Nestor notabilis"
"63",994480,1115,"research",-42.86088345,171.5861276,"Kea","Nestor notabilis"
"64",997792,59006,"casual",-43.00458223,171.1472754,"Kea","Nestor notabilis"
"65",997793,59006,"casual",-42.95898677,171.2551375,"Kea","Nestor notabilis"
"66",997796,59006,"casual",-43.55197779,169.9618956,"Kea","Nestor notabilis"
"67",997797,59006,"casual",-43.34577567,169.8498466,"Kea","Nestor notabilis"
"68",997827,57756,"casual",-44.72550917,168.6117721,"Kea","Nestor notabilis"
"69",997835,58801,"research",-42.77081998,171.6060461,"Kea","Nestor notabilis"
"70",997974,59006,"casual",-44.74235747,168.0088487,"Kea","Nestor notabilis"
"71",998716,58845,"casual",-42.96548521,171.6399622,"Kea","Nestor notabilis"
"72",998823,58559,"research",-42.87099389,171.6071273,"Kea","Nestor notabilis"
"73",999405,57762,"research",-42.93283489,171.7168679,"Kea","Nestor notabilis"
"74",999407,57762,"research",-43.94318453,170.0042326,"Kea","Nestor notabilis"
"75",1005490,57588,"research",-41.18260335,172.6357353,"Kea","Nestor notabilis"
"76",1006616,58289,"research",-43.45541663,170.3538771,"Kea","Nestor notabilis"
"77",1009337,58897,"research",-42.96690578,171.4691627,"Kea","Nestor notabilis"
"78",1009808,59183,"research",-42.86535628,171.663978,"Kea","Nestor notabilis"
"79",1011716,58489,"research",-45.04414063,168.646395,"Kea","Nestor notabilis"
"80",1014502,58897,"casual",-43.21243132,171.7567439,"Kea","Nestor notabilis"
"81",1016418,57739,"research",-43.02315695,171.567309,"Kea","Nestor notabilis"
"82",1017559,57805,"research",-44.78622211,168.034936,"Kea","Nestor notabilis"
"83",1033867,60886,"casual",-42.90558352,171.6130709,"Kea","Nestor notabilis"
"84",1062046,58559,"research",-42.93949893,171.5455677,"Kea","Nestor notabilis"
"85",1064354,58559,"research",-42.94541135,171.5674396,"Kea","Nestor notabilis"
"86",1069910,60886,"research",-42.84714888,171.6448544,"Kea","Nestor notabilis"
"87",1090332,1,"research",-42.96144385,171.5903075,"Kea","Nestor notabilis"
"88",1108766,65260,"research",-44.83728227,168.153044,"Kea","Nestor notabilis"
"89",1124452,60886,"casual",-43.81101254,169.9788666,"Kea","Nestor notabilis"
"90",1124454,60886,"casual",-42.90743266,171.7989001,"Kea","Nestor notabilis"
"91",1124464,60886,"research",-43.1294109,171.665119,"Kea","Nestor notabilis"
"92",1124471,60886,"research",-43.00341339,171.4590047,"Kea","Nestor notabilis"
"93",1124488,60886,"casual",-42.89135801,171.4776866,"Kea","Nestor notabilis"
"94",1124498,60886,"casual",-44.24177447,168.9050093,"Kea","Nestor notabilis"
"95",1124501,60886,"casual",-44.30501776,168.9296146,"Kea","Nestor notabilis"
"96",1125773,1115,"research",-42.82957494,171.5540405,"Kea","Nestor notabilis"
"97",1125775,1115,"research",-42.90843108,171.5590755,"Kea","Nestor notabilis"
"98",1160125,13187,"research",-42.91411718,171.4687532,"Kea","Nestor notabilis"
"99",1161480,58459,"research",-42.86571682,171.5289323,"Kea","Nestor notabilis"
"100",1194705,71251,"research",-42.97776645,171.5494186,"Kea","Nestor notabilis"
"101",1227663,2991,"research",-42.70426782,171.6309857,"Kea","Nestor notabilis"
"102",1239431,58591,"casual",-40.60122171,172.4081492,"Kea","Nestor notabilis"
"103",1272371,57782,"casual",-42.90243574,171.9215667,"Kea","Nestor notabilis"
"104",1296714,57527,"research",-42.90368662,171.579521,"Kea","Nestor notabilis"
"105",1307505,56960,"research",-42.60354676,171.7871755,"Kea","Nestor notabilis"
"106",1311179,81280,"casual",-44.71217912,167.8144856,"Kea","Nestor notabilis"
"107",1341611,57588,"research",-43.17387173,171.4958944,"Kea","Nestor notabilis"
"108",1387660,81319,"research",-42.76188064,171.6170507,"Kea","Nestor notabilis"
"109",1398551,58591,"casual",-40.81264927,172.9879274,"Kea","Nestor notabilis"
"110",1435625,57762,"research",-43.62546936,169.6554991,"Kea","Nestor notabilis"
"111",1485639,58489,"casual",-44.99818201,168.6327164,"Kea","Nestor notabilis"
"112",1499577,59227,"research",-42.96941897,171.4928202,"Kea","Nestor notabilis"
"113",1535961,77364,"research",-46.1681134,167.3912113,"Kea","Nestor notabilis"
"114",1647051,77364,"research",-44.54194152,168.878854,"Kea","Nestor notabilis"
"115",1710333,104098,"research",-42.90581821,171.6570987,"Kea","Nestor notabilis"
"116",1767663,116183,"casual",-42.93794736,171.6528651,"Kea","Nestor notabilis"
"117",1767719,116180,"research",-42.88698264,171.6176476,"Kea","Nestor notabilis"
"118",1767764,116187,"research",-42.99034035,171.6451745,"Kea","Nestor notabilis"
"119",1767767,116184,"research",-42.89571339,171.6222413,"Kea","Nestor notabilis"
"120",1767859,116181,"research",-42.95131431,171.501334,"Kea","Nestor notabilis"
"121",10247,516,"research",-41.37383876,174.8108765,"Kaka","Nestor meridionalis"
"122",25977,1506,"research",-41.25738679,174.8517292,"Kaka","Nestor meridionalis"
"123",41260,1506,"research",-41.2373645,174.6880862,"Kaka","Nestor meridionalis"
"124",42755,2991,"research",-46.88187384,168.151861,"Kaka","Nestor meridionalis"
"125",42756,2991,"research",-46.8343998,168.0796323,"Kaka","Nestor meridionalis"
"126",42758,2991,"research",-46.89290266,168.0893534,"Kaka","Nestor meridionalis"
"127",44166,4096,"casual",-36.80235432,174.7458799,"Kaka","Nestor meridionalis"
"128",199678,13200,"research",-40.76936745,175.7284966,"Kaka","Nestor meridionalis"
"129",206174,4733,"research",-45.68337766,170.5631568,"Kaka","Nestor meridionalis"
"130",391901,2370,"research",-38.00647488,175.519961,"Kaka","Nestor meridionalis"
"131",484409,4857,"research",-46.08047037,167.5315831,"Kaka","Nestor meridionalis"
"132",532422,2370,"research",-45.75974769,170.6781383,"Kaka","Nestor meridionalis"
"133",657246,30139,"research",-46.93220606,168.0438157,"Kaka","Nestor meridionalis"
"134",825138,13142,"casual",-40.6500982,175.6187492,"Kaka","Nestor meridionalis"
"135",836617,2991,"research",-40.80905213,174.9465435,"Kaka","Nestor meridionalis"
"136",925498,57006,"casual",-41.30970604,174.8401501,"Kaka","Nestor meridionalis"
"137",941278,1115,"casual",-45.37902648,167.6490044,"Kaka","Nestor meridionalis meridionalis"
"138",943799,57529,"casual",-42.4839724,172.4000955,"Kaka","Nestor meridionalis"
"139",943910,57590,"research",-37.75675041,175.8297161,"Kaka","Nestor meridionalis septentrionalis"
"140",945049,57560,"research",-41.34442422,174.6776027,"Kaka","Nestor meridionalis"
"141",947388,57672,"casual",-42.22102589,172.3166977,"Kaka","Nestor meridionalis meridionalis"
"142",947427,57514,"research",-46.21683361,167.1850844,"Kaka","Nestor meridionalis"
"143",947617,57739,"casual",-41.48406975,173.5223891,"Kaka","Nestor meridionalis"
"144",948971,57514,"casual",-45.17711384,167.1341324,"Kaka","Nestor meridionalis"
"145",949309,57735,"casual",-47.00953247,168.1677525,"Kaka","Nestor meridionalis meridionalis"
"146",950876,57627,"casual",-42.34768129,172.1991047,"Kaka","Nestor meridionalis"
"147",952826,57694,"research",-38.09673325,175.6079262,"Kaka","Nestor meridionalis septentrionalis"
"148",952949,13200,"research",-40.89658291,175.0101815,"Kaka","Nestor meridionalis septentrionalis"
"149",954613,53219,"research",-46.90655861,168.0226538,"Kaka","Nestor meridionalis meridionalis"
"150",955827,58096,"research",-40.74943234,175.724744,"Kaka","Nestor meridionalis"
"151",955961,58096,"research",-41.28422928,174.8360789,"Kaka","Nestor meridionalis"
"152",958160,57894,"casual",-41.2506966,174.8104029,"Kaka","Nestor meridionalis"
"153",958287,57409,"casual",-42.4130816,172.134385,"Kaka","Nestor meridionalis"
"154",960747,57957,"research",-36.41943058,174.2069764,"Kaka","Nestor meridionalis septentrionalis"
"155",963727,57588,"casual",-37.64607092,175.3696189,"Kaka","Nestor meridionalis septentrionalis"
"156",964164,57929,"casual",-37.48087235,175.7585986,"Kaka","Nestor meridionalis septentrionalis"
"157",964784,57957,"research",-36.47796639,174.2920797,"Kaka","Nestor meridionalis"
"158",965033,1115,"casual",-43.38124809,172.5670753,"Kaka","Nestor meridionalis meridionalis"
"159",966338,57929,"casual",-37.60656692,175.7468247,"Kaka","Nestor meridionalis septentrionalis"
"160",966340,58326,"casual",-39.98171516,176.1444335,"Kaka","Nestor meridionalis"
"161",966517,58290,"casual",-41.27544469,174.7800405,"Kaka","Nestor meridionalis"
"162",967348,58290,"casual",-41.30162795,174.8072079,"Kaka","Nestor meridionalis septentrionalis"
"163",969385,58290,"casual",-41.24069158,174.7008585,"Kaka","Nestor meridionalis"
"164",969603,58415,"research",-38.03995278,175.5647261,"Kaka","Nestor meridionalis septentrionalis"
"165",969604,58415,"research",-38.01755593,175.529209,"Kaka","Nestor meridionalis septentrionalis"
"166",969611,58417,"casual",-41.29973403,174.7378438,"Kaka","Nestor meridionalis"
"167",969626,57511,"casual",-37.12415681,175.9379546,"Kaka","Nestor meridionalis"
"168",971170,58444,"casual",-39.07807214,175.7574799,"Kaka","Nestor meridionalis septentrionalis"
"169",971256,58447,"casual",-41.29078025,174.7040072,"Kaka","Nestor meridionalis"
"170",972186,57789,"research",-35.96058243,173.9510395,"Kaka","Nestor meridionalis septentrionalis"
"171",972276,57409,"research",-41.32076447,174.6816802,"Kaka","Nestor meridionalis"
"172",972635,58096,"research",-41.365871,174.7987179,"Kaka","Nestor meridionalis septentrionalis"
"173",973661,58486,"casual",-41.22743841,174.718436,"Kaka","Nestor meridionalis"
"174",973865,58249,"casual",-39.07870746,175.7480564,"Kaka","Nestor meridionalis septentrionalis"
"175",974033,24606,"casual",-41.29782341,174.6889226,"Kaka","Nestor meridionalis septentrionalis"
"176",974045,57793,"research",-46.92342961,168.2098951,"Kaka","Nestor meridionalis"
"177",974199,58249,"casual",-38.99957593,175.7853659,"Kaka","Nestor meridionalis septentrionalis"
"178",974974,58515,"research",-36.70040306,174.6823421,"Kaka","Nestor meridionalis"
"179",975331,58290,"research",-41.23519825,174.8757887,"Kaka","Nestor meridionalis"
"180",975351,58290,"research",-41.24921127,174.889844,"Kaka","Nestor meridionalis"
"181",975604,58524,"casual",-39.09331429,175.7759718,"Kaka","Nestor meridionalis septentrionalis"
"182",976501,57754,"casual",-41.23688658,174.7158209,"Kaka","Nestor meridionalis"
"183",978014,24606,"research",-41.37065682,174.6978228,"Kaka","Nestor meridionalis septentrionalis"
"184",984939,58589,"casual",-39.00974865,175.7259926,"Kaka","Nestor meridionalis septentrionalis"
"185",984940,58589,"casual",-39.00855857,175.639902,"Kaka","Nestor meridionalis septentrionalis"
"186",985550,30139,"research",-46.93014648,168.2268894,"Kaka","Nestor meridionalis meridionalis"
"187",985737,57408,"casual",-41.24473603,174.8252469,"Kaka","Nestor meridionalis septentrionalis"
"188",985739,57408,"casual",-41.37959572,174.7431139,"Kaka","Nestor meridionalis septentrionalis"
"189",987684,57779,"research",-41.24910484,174.6686092,"Kaka","Nestor meridionalis septentrionalis"
"190",987775,24606,"casual",-41.27218441,174.7537434,"Kaka","Nestor meridionalis septentrionalis"
"191",989357,58758,"research",-41.25989915,174.6414636,"Kaka","Nestor meridionalis"
"192",990754,58758,"research",-41.33122843,174.6793519,"Kaka","Nestor meridionalis"
"193",990913,53219,"research",-46.91748935,168.0332834,"Kaka","Nestor meridionalis"
"194",991060,58758,"research",-41.31169505,174.8461435,"Kaka","Nestor meridionalis"
"195",991586,58758,"casual",-41.28275449,174.6540164,"Kaka","Nestor meridionalis"
"196",991662,58909,"casual",-41.35898882,174.7466305,"Kaka","Nestor meridionalis"
"197",991699,58909,"research",-41.27464026,174.7020502,"Kaka","Nestor meridionalis"
"198",991700,58909,"research",-41.26841859,174.8510575,"Kaka","Nestor meridionalis"
"199",991701,58909,"research",-41.38351588,174.7592182,"Kaka","Nestor meridionalis"
"200",991702,58909,"research",-41.26158049,174.7450681,"Kaka","Nestor meridionalis"
"201",992230,58909,"research",-41.25682073,174.7282484,"Kaka","Nestor meridionalis"
"202",992724,58909,"casual",-41.21345215,174.7808069,"Kaka","Nestor meridionalis"
"203",995833,58909,"research",-41.28167454,174.8227681,"Kaka","Nestor meridionalis"
"204",996163,58208,"research",-46.92863509,168.1305687,"Kaka","Nestor meridionalis meridionalis"
"205",997532,57585,"research",-41.24525151,174.7058051,"Kaka","Nestor meridionalis"
"206",997730,58909,"casual",-41.35402715,174.7724349,"Kaka","Nestor meridionalis"
"207",997745,58909,"research",-41.23389385,174.7154928,"Kaka","Nestor meridionalis"
"208",997746,58909,"research",-41.32970801,174.7538645,"Kaka","Nestor meridionalis"
"209",997747,58909,"research",-41.30949694,174.6314731,"Kaka","Nestor meridionalis septentrionalis"
"210",997923,58909,"research",-41.30448875,174.8475665,"Kaka","Nestor meridionalis"
"211",997925,58909,"research",-41.32746848,174.6957646,"Kaka","Nestor meridionalis"
"212",997926,58909,"research",-41.32086575,174.8041345,"Kaka","Nestor meridionalis"
"213",997962,59006,"casual",-35.80636466,174.6458237,"Kaka","Nestor meridionalis"
"214",998076,58841,"casual",-36.43944968,174.7173554,"Kaka","Nestor meridionalis septentrionalis"
"215",998244,58909,"casual",-41.25465251,174.6662171,"Kaka","Nestor meridionalis"
"216",998245,58909,"casual",-41.29620259,174.8080413,"Kaka","Nestor meridionalis"
"217",998472,56952,"research",-41.29133444,174.8801364,"Kaka","Nestor meridionalis"
"218",998479,56952,"research",-41.25353018,174.7745903,"Kaka","Nestor meridionalis"
"219",999391,16490,"research",-41.23798194,174.7202596,"Kaka","Nestor meridionalis"
"220",999415,24606,"casual",-41.24685776,174.8765299,"Kaka","Nestor meridionalis septentrionalis"
"221",1000323,59040,"research",-41.28266782,174.8245184,"Kaka","Nestor meridionalis"
"222",1000331,59040,"research",-41.29365311,174.8037258,"Kaka","Nestor meridionalis"
"223",1000335,59040,"research",-41.30387025,174.7098125,"Kaka","Nestor meridionalis"
"224",1000336,59040,"research",-41.29188421,174.8467356,"Kaka","Nestor meridionalis"
"225",1000390,59033,"casual",-41.31552476,174.655264,"Kaka","Nestor meridionalis"
"226",1000396,59033,"casual",-41.2708475,174.652399,"Kaka","Nestor meridionalis"
"227",1000404,59033,"casual",-41.26388823,174.786029,"Kaka","Nestor meridionalis"
"228",1000436,58758,"research",-41.30495199,174.8110054,"Kaka","Nestor meridionalis septentrionalis"
"229",1000442,58758,"research",-41.31418823,174.6337757,"Kaka","Nestor meridionalis septentrionalis"
"230",1000444,58758,"research",-41.35975596,174.809277,"Kaka","Nestor meridionalis"
"231",1000641,58909,"casual",-41.21231988,174.7443429,"Kaka","Nestor meridionalis"
"232",1000643,58909,"research",-41.34967821,174.8046978,"Kaka","Nestor meridionalis"
"233",1000724,59040,"research",-41.26764243,174.6333149,"Kaka","Nestor meridionalis"
"234",1000958,59033,"casual",-41.35656838,174.7350397,"Kaka","Nestor meridionalis"
"235",1000962,59033,"casual",-41.34049737,174.71304,"Kaka","Nestor meridionalis"
"236",1001396,58909,"casual",-41.27461605,174.6817539,"Kaka","Nestor meridionalis"
"237",1001443,58909,"casual",-41.29593086,174.6468649,"Kaka","Nestor meridionalis"
"238",1001444,58909,"casual",-41.31006955,174.6442729,"Kaka","Nestor meridionalis"
"239",1001445,58909,"research",-41.2746818,174.6795733,"Kaka","Nestor meridionalis"
"240",1001461,59040,"research",-41.21727431,174.7767246,"Kaka","Nestor meridionalis"
"241",1001465,59040,"research",-41.30450661,174.8360039,"Kaka","Nestor meridionalis"
"242",1001480,59033,"casual",-41.35442834,174.7021305,"Kaka","Nestor meridionalis"
"243",1001487,58758,"research",-41.27351083,174.6958001,"Kaka","Nestor meridionalis"
"244",1001488,58758,"research",-41.34956909,174.7889911,"Kaka","Nestor meridionalis"
"245",1001489,58758,"research",-41.34400183,174.7212341,"Kaka","Nestor meridionalis"
"246",1001491,58758,"research",-41.31810358,174.8436185,"Kaka","Nestor meridionalis"
"247",1001494,58758,"research",-41.26711682,174.6551757,"Kaka","Nestor meridionalis"
"248",1001495,58758,"research",-41.26194738,174.8395982,"Kaka","Nestor meridionalis"
"249",1001624,58909,"casual",-41.25344862,174.759751,"Kaka","Nestor meridionalis"
"250",1001635,58758,"casual",-41.34126543,174.6617815,"Kaka","Nestor meridionalis"
"251",1001636,58758,"casual",-41.25842417,174.7258173,"Kaka","Nestor meridionalis"
"252",1001637,58758,"research",-41.23405107,174.8298092,"Kaka","Nestor meridionalis"
"253",1001643,58909,"research",-41.25093244,174.8047851,"Kaka","Nestor meridionalis septentrionalis"
"254",1001658,59033,"casual",-41.28771314,174.6676672,"Kaka","Nestor meridionalis"
"255",1001677,59040,"casual",-41.26107073,174.8195285,"Kaka","Nestor meridionalis"
"256",1001678,59040,"casual",-41.32434809,174.7160534,"Kaka","Nestor meridionalis"
"257",1001681,59040,"casual",-41.25576837,174.752427,"Kaka","Nestor meridionalis"
"258",1001683,59040,"casual",-41.26738438,174.8427419,"Kaka","Nestor meridionalis"
"259",1001755,59033,"casual",-41.2898706,174.8064666,"Kaka","Nestor meridionalis"
"260",1001763,58758,"research",-41.3071983,174.8095374,"Kaka","Nestor meridionalis"
"261",1001766,58758,"research",-41.25238486,174.7806095,"Kaka","Nestor meridionalis"
"262",1001768,58758,"research",-41.34048416,174.6490811,"Kaka","Nestor meridionalis"
"263",1001772,59040,"casual",-41.29842376,174.7408633,"Kaka","Nestor meridionalis"
"264",1001780,59040,"research",-41.25131785,174.6438307,"Kaka","Nestor meridionalis"
"265",1002362,59033,"research",-41.36163671,174.8078667,"Kaka","Nestor meridionalis"
"266",1002364,59033,"research",-41.35623727,174.7733875,"Kaka","Nestor meridionalis"
"267",1002387,58909,"research",-41.31961383,174.8183139,"Kaka","Nestor meridionalis"
"268",1002414,59040,"research",-41.37015527,174.7679944,"Kaka","Nestor meridionalis"
"269",1003363,59033,"research",-41.32152772,174.8398601,"Kaka","Nestor meridionalis"
"270",1003367,59033,"casual",-41.26967093,174.7494449,"Kaka","Nestor meridionalis"
"271",1003370,59033,"casual",-41.35422134,174.7720864,"Kaka","Nestor meridionalis"
"272",1003374,59033,"casual",-41.24318,174.8157252,"Kaka","Nestor meridionalis"
"273",1003379,59033,"casual",-41.29978762,174.741331,"Kaka","Nestor meridionalis"
"274",1003384,59033,"casual",-41.2599719,174.8263029,"Kaka","Nestor meridionalis"
"275",1003394,59033,"casual",-41.25987745,174.7516818,"Kaka","Nestor meridionalis"
"276",1003398,59033,"casual",-41.35988236,174.6632808,"Kaka","Nestor meridionalis"
"277",1003402,59033,"casual",-41.31410421,174.7645688,"Kaka","Nestor meridionalis"
"278",1003408,59033,"casual",-41.3303299,174.7247391,"Kaka","Nestor meridionalis"
"279",1003411,59033,"casual",-41.36782073,174.6968039,"Kaka","Nestor meridionalis"
"280",1003415,59033,"casual",-41.24245048,174.7562033,"Kaka","Nestor meridionalis"
"281",1003417,59033,"casual",-41.2305961,174.7963587,"Kaka","Nestor meridionalis"
"282",1003421,59033,"casual",-41.32034377,174.710098,"Kaka","Nestor meridionalis"
"283",1003428,59033,"casual",-41.25459587,174.7712697,"Kaka","Nestor meridionalis"
"284",1003434,59033,"casual",-41.24646809,174.698639,"Kaka","Nestor meridionalis"
"285",1003435,59033,"casual",-41.36620003,174.7422537,"Kaka","Nestor meridionalis"
"286",1003439,59033,"casual",-41.35745191,174.8031546,"Kaka","Nestor meridionalis"
"287",1003443,59033,"casual",-41.2366871,174.7124253,"Kaka","Nestor meridionalis"
"288",1003446,59033,"casual",-41.24157827,174.770541,"Kaka","Nestor meridionalis"
"289",1003452,59033,"casual",-41.33116905,174.6672147,"Kaka","Nestor meridionalis"
"290",1003456,59033,"casual",-41.27640924,174.7157449,"Kaka","Nestor meridionalis"
"291",1003539,59040,"casual",-41.30303854,174.6541562,"Kaka","Nestor meridionalis"
"292",1003584,59040,"casual",-41.25201221,174.7201441,"Kaka","Nestor meridionalis"
"293",1003589,58758,"casual",-41.34736963,174.7293728,"Kaka","Nestor meridionalis"
"294",1003593,58758,"research",-41.25129675,174.6515979,"Kaka","Nestor meridionalis"
"295",1003598,58758,"research",-41.25284705,174.7552003,"Kaka","Nestor meridionalis"
"296",1003605,59033,"casual",-41.2867911,174.7624296,"Kaka","Nestor meridionalis"
"297",1003833,16490,"research",-41.28974289,174.7822116,"Kaka","Nestor meridionalis"
"298",1003835,16490,"research",-41.34363235,174.7341672,"Kaka","Nestor meridionalis"
"299",1004115,59040,"casual",-41.3048743,174.635818,"Kaka","Nestor meridionalis"
"300",1004127,58909,"research",-41.31203446,174.8597127,"Kaka","Nestor meridionalis"
"301",1004139,59033,"research",-41.23129565,174.8058702,"Kaka","Nestor meridionalis"
"302",1004142,59033,"research",-41.28885422,174.6382752,"Kaka","Nestor meridionalis"
"303",1004176,59040,"research",-41.22691183,174.6998664,"Kaka","Nestor meridionalis"
"304",1004187,59033,"research",-41.32676933,174.7723105,"Kaka","Nestor meridionalis"
"305",1004263,58758,"casual",-41.3403475,174.69628,"Kaka","Nestor meridionalis"
"306",1004352,58909,"research",-41.33973259,174.7659817,"Kaka","Nestor meridionalis"
"307",1004353,58909,"research",-41.24115572,174.7840333,"Kaka","Nestor meridionalis"
"308",1004365,58758,"casual",-41.21277782,174.7292714,"Kaka","Nestor meridionalis"
"309",1004369,58758,"casual",-41.23424154,174.7880883,"Kaka","Nestor meridionalis"
"310",1004370,58758,"research",-41.35150387,174.7578532,"Kaka","Nestor meridionalis"
"311",1004372,58758,"research",-41.31728254,174.8614637,"Kaka","Nestor meridionalis"
"312",1004386,59033,"research",-41.27473421,174.6896197,"Kaka","Nestor meridionalis"
"313",1004392,59040,"research",-41.28870523,174.8205283,"Kaka","Nestor meridionalis"
"314",1004412,59040,"research",-41.31642892,174.8463096,"Kaka","Nestor meridionalis"
"315",1004508,59033,"casual",-41.35266423,174.778428,"Kaka","Nestor meridionalis"
"316",1004527,58758,"casual",-41.31032952,174.8518135,"Kaka","Nestor meridionalis"
"317",1004530,58758,"research",-41.2468562,174.6910843,"Kaka","Nestor meridionalis"
"318",1004531,58758,"research",-41.32120805,174.6681633,"Kaka","Nestor meridionalis"
"319",1004864,57756,"research",-40.83638203,174.9090111,"Kaka","Nestor meridionalis septentrionalis"
"320",1005851,59040,"casual",-41.38519134,174.7446955,"Kaka","Nestor meridionalis"
"321",1005854,59040,"casual",-41.26952835,174.7101969,"Kaka","Nestor meridionalis"
"322",1005867,58758,"research",-41.22610076,174.7236083,"Kaka","Nestor meridionalis"
"323",1005883,58909,"research",-41.36180014,174.827382,"Kaka","Nestor meridionalis"
"324",1005892,59033,"casual",-41.35125446,174.7615664,"Kaka","Nestor meridionalis"
"325",1005895,59033,"research",-41.25660863,174.7620804,"Kaka","Nestor meridionalis"
"326",1005982,58909,"research",-41.29160055,174.668058,"Kaka","Nestor meridionalis"
"327",1005992,59033,"casual",-41.23012315,174.6980736,"Kaka","Nestor meridionalis"
"328",1005994,59033,"research",-41.3489402,174.8160359,"Kaka","Nestor meridionalis"
"329",1006006,58758,"casual",-41.36345698,174.784052,"Kaka","Nestor meridionalis septentrionalis"
"330",1006008,58758,"casual",-41.27453151,174.8201984,"Kaka","Nestor meridionalis"
"331",1006020,58758,"research",-41.33465466,174.7104267,"Kaka","Nestor meridionalis"
"332",1006272,16490,"research",-41.32740039,174.7228247,"Kaka","Nestor meridionalis"
"333",1006356,59033,"research",-41.34011602,174.8027718,"Kaka","Nestor meridionalis"
"334",1006370,59040,"research",-41.23212892,174.7048272,"Kaka","Nestor meridionalis"
"335",1006938,58758,"research",-41.27985674,174.7733723,"Kaka","Nestor meridionalis"
"336",1006967,58758,"casual",-41.3136956,174.7892465,"Kaka","Nestor meridionalis"
"337",1006970,58758,"casual",-41.27733209,174.8151859,"Kaka","Nestor meridionalis"
"338",1006980,59033,"casual",-41.28198632,174.6680519,"Kaka","Nestor meridionalis"
"339",1007031,58909,"casual",-41.32710339,174.6689933,"Kaka","Nestor meridionalis"
"340",1007107,58758,"casual",-41.25158206,174.6891109,"Kaka","Nestor meridionalis"
"341",1007572,59033,"casual",-41.28308053,174.7909603,"Kaka","Nestor meridionalis"
"342",1007590,59033,"casual",-41.33235274,174.7985609,"Kaka","Nestor meridionalis"
"343",1007602,59033,"research",-41.32548018,174.6498762,"Kaka","Nestor meridionalis"
"344",1007627,59040,"casual",-41.32881967,174.7643259,"Kaka","Nestor meridionalis"
"345",1007628,59040,"research",-41.34508183,174.6505831,"Kaka","Nestor meridionalis"
"346",1007814,59040,"research",-41.33103027,174.7337107,"Kaka","Nestor meridionalis"
"347",1008134,58758,"casual",-41.25864306,174.6770851,"Kaka","Nestor meridionalis"
"348",1008171,59040,"research",-41.31853479,174.6966192,"Kaka","Nestor meridionalis"
"349",1008207,59040,"research",-41.34269146,174.7852808,"Kaka","Nestor meridionalis"
"350",1008218,58909,"research",-41.24969557,174.7947433,"Kaka","Nestor meridionalis"
"351",1008219,58909,"research",-41.2671328,174.7008336,"Kaka","Nestor meridionalis"
"352",1008291,58758,"casual",-41.33529574,174.7580266,"Kaka","Nestor meridionalis"
"353",1009636,59177,"research",-41.30437795,174.7013496,"Kaka","Nestor meridionalis"
"354",1010033,59040,"research",-41.25533108,174.6833271,"Kaka","Nestor meridionalis"
"355",1010419,58758,"research",-41.30670013,174.8297017,"Kaka","Nestor meridionalis"
"356",1010429,59033,"research",-41.30642463,174.8099861,"Kaka","Nestor meridionalis"
"357",1010439,59040,"research",-41.27707578,174.7415289,"Kaka","Nestor meridionalis"
"358",1010440,59040,"research",-41.37635821,174.7285195,"Kaka","Nestor meridionalis septentrionalis"
"359",1010443,58909,"research",-41.33502893,174.7600122,"Kaka","Nestor meridionalis"
"360",1011463,58909,"research",-41.31310986,174.8001698,"Kaka","Nestor meridionalis"
"361",1011470,58909,"research",-41.25908143,174.756036,"Kaka","Nestor meridionalis"
"362",1011958,59040,"research",-41.24742538,174.7302229,"Kaka","Nestor meridionalis"
"363",1012050,58909,"research",-41.30043009,174.6399272,"Kaka","Nestor meridionalis"
"364",1012052,59040,"research",-41.34484785,174.8368011,"Kaka","Nestor meridionalis septentrionalis"
"365",1012139,59033,"research",-41.34006702,174.7313969,"Kaka","Nestor meridionalis"
"366",1012628,57754,"casual",-41.31269014,174.8404589,"Kaka","Nestor meridionalis"
"367",1012719,59040,"research",-41.23246375,174.7293015,"Kaka","Nestor meridionalis"
"368",1012760,59033,"research",-41.30885302,174.7651953,"Kaka","Nestor meridionalis"
"369",1012761,59033,"research",-41.22753569,174.7304073,"Kaka","Nestor meridionalis"
"370",1012762,59033,"research",-41.37825817,174.7774204,"Kaka","Nestor meridionalis"
"371",1012850,59033,"research",-41.32643593,174.7610028,"Kaka","Nestor meridionalis"
"372",1012851,59033,"research",-41.36771935,174.7810193,"Kaka","Nestor meridionalis"
"373",1013889,57408,"casual",-41.35066282,174.6730598,"Kaka","Nestor meridionalis septentrionalis"
"374",1013958,59033,"casual",-41.31354117,174.6346557,"Kaka","Nestor meridionalis"
"375",1014070,59112,"research",-41.27751606,174.8789113,"Kaka","Nestor meridionalis"
"376",1014107,58758,"research",-41.28562238,174.7841235,"Kaka","Nestor meridionalis"
"377",1014108,58758,"casual",-41.36550765,174.7744047,"Kaka","Nestor meridionalis"
"378",1014111,58909,"casual",-41.31780544,174.7912353,"Kaka","Nestor meridionalis"
"379",1014114,58909,"research",-41.28297136,174.7485453,"Kaka","Nestor meridionalis"
"380",1014115,58909,"research",-41.25593745,174.8068562,"Kaka","Nestor meridionalis"
"381",1014125,59033,"research",-41.31195844,174.6869148,"Kaka","Nestor meridionalis"
"382",1014180,16490,"casual",-41.26057324,174.8714971,"Kaka","Nestor meridionalis septentrionalis"
"383",1014219,59040,"casual",-41.37845901,174.7781274,"Kaka","Nestor meridionalis"
"384",1014229,58909,"research",-41.34733411,174.6894572,"Kaka","Nestor meridionalis"
"385",1014246,59033,"casual",-41.33905555,174.8519068,"Kaka","Nestor meridionalis"
"386",1014247,59033,"casual",-41.36536934,174.7250941,"Kaka","Nestor meridionalis"
"387",1014252,59033,"research",-41.31699903,174.7460401,"Kaka","Nestor meridionalis septentrionalis"
"388",1014257,58909,"research",-41.29144445,174.7796297,"Kaka","Nestor meridionalis"
"389",1014269,58758,"research",-41.32445795,174.6834345,"Kaka","Nestor meridionalis"
"390",1014288,59040,"research",-41.34526494,174.7459328,"Kaka","Nestor meridionalis"
"391",1014289,59040,"research",-41.31678158,174.74416,"Kaka","Nestor meridionalis"
"392",1014475,57640,"casual",-41.267439,174.8147144,"Kaka","Nestor meridionalis"
"393",1014696,58249,"casual",-39.0931836,175.7392838,"Kaka","Nestor meridionalis septentrionalis"
"394",1014718,59272,"casual",-41.28324403,174.7811881,"Kaka","Nestor meridionalis"
"395",1014783,59040,"casual",-41.25528576,174.7572651,"Kaka","Nestor meridionalis"
"396",1014832,59033,"casual",-41.33414885,174.7942857,"Kaka","Nestor meridionalis"
"397",1014855,58249,"casual",-38.99820662,175.703926,"Kaka","Nestor meridionalis septentrionalis"
"398",1014874,59040,"casual",-41.35843725,174.8047697,"Kaka","Nestor meridionalis"
"399",1014875,59040,"casual",-41.26093765,174.7193626,"Kaka","Nestor meridionalis"
"400",1014906,58909,"casual",-41.33803872,174.7250421,"Kaka","Nestor meridionalis"
"401",1014950,59040,"casual",-41.23288266,174.7066831,"Kaka","Nestor meridionalis"
"402",1014952,59040,"casual",-41.22544865,174.7466989,"Kaka","Nestor meridionalis"
"403",1014953,59040,"casual",-41.31106532,174.8213669,"Kaka","Nestor meridionalis"
"404",1014961,44579,"research",-37.76373437,175.1955524,"Kaka","Nestor meridionalis septentrionalis"
"405",1014964,59033,"research",-41.26756171,174.6763834,"Kaka","Nestor meridionalis"
"406",1014986,58758,"research",-41.24744696,174.8429884,"Kaka","Nestor meridionalis"
"407",1014988,58758,"research",-41.24605713,174.7764476,"Kaka","Nestor meridionalis"
"408",1014991,58758,"research",-41.3117935,174.7350013,"Kaka","Nestor meridionalis"
"409",1014998,16490,"casual",-41.23275883,174.685243,"Kaka","Nestor meridionalis septentrionalis"
"410",1015055,59278,"casual",-42.5478255,172.3152385,"Kaka","Nestor meridionalis meridionalis"
"411",1015585,58758,"research",-41.29630156,174.863328,"Kaka","Nestor meridionalis"
"412",1015586,59033,"research",-41.35418033,174.7498382,"Kaka","Nestor meridionalis"
"413",1016099,59040,"casual",-41.24565173,174.8101863,"Kaka","Nestor meridionalis"
"414",1016116,59040,"research",-41.23375287,174.7179225,"Kaka","Nestor meridionalis"
"415",1016119,59033,"research",-41.31686278,174.7548552,"Kaka","Nestor meridionalis"
"416",1016135,58909,"research",-41.32585064,174.742119,"Kaka","Nestor meridionalis"
"417",1016210,58758,"casual",-41.28874859,174.6745111,"Kaka","Nestor meridionalis"
"418",1016213,58758,"research",-41.32273771,174.76929,"Kaka","Nestor meridionalis"
"419",1016741,58486,"casual",-41.16953448,174.8049262,"Kaka","Nestor meridionalis septentrionalis"
"420",1016749,59040,"casual",-41.34357729,174.7574223,"Kaka","Nestor meridionalis"
"421",1016767,59040,"research",-41.2983983,174.7017903,"Kaka","Nestor meridionalis"
"422",1016900,58758,"research",-41.33828097,174.8099925,"Kaka","Nestor meridionalis"
"423",1016913,59033,"research",-41.29333562,174.7577011,"Kaka","Nestor meridionalis"
"424",1017205,13200,"research",-41.36706523,174.7746708,"Kaka","Nestor meridionalis septentrionalis"
"425",1017691,58289,"research",-39.0905564,176.7198853,"Kaka","Nestor meridionalis septentrionalis"
"426",1024065,16490,"research",-41.33683432,174.6524037,"Kaka","Nestor meridionalis septentrionalis"
"427",1033115,60887,"casual",-41.31579421,174.8326013,"Kaka","Nestor meridionalis"
"428",1033879,59236,"casual",-41.26847515,174.8476494,"Kaka","Nestor meridionalis"
"429",1033888,56952,"casual",-41.29623204,174.7706947,"Kaka","Nestor meridionalis"
"430",1033975,59033,"casual",-41.37474129,174.7415278,"Kaka","Nestor meridionalis"
"431",1033990,58909,"research",-41.2344696,174.686578,"Kaka","Nestor meridionalis"
"432",1033991,58909,"research",-41.31389918,174.8322282,"Kaka","Nestor meridionalis"
"433",1034248,59033,"casual",-41.21154598,174.7846711,"Kaka","Nestor meridionalis"
"434",1034330,58909,"research",-41.27912249,174.68868,"Kaka","Nestor meridionalis"
"435",1034347,58909,"casual",-41.34709897,174.7184882,"Kaka","Nestor meridionalis"
"436",1034356,58909,"research",-41.3021334,174.6606983,"Kaka","Nestor meridionalis"
"437",1034364,59040,"casual",-41.29645562,174.7000139,"Kaka","Nestor meridionalis"
"438",1034370,59033,"research",-41.23333361,174.7962205,"Kaka","Nestor meridionalis"
"439",1034379,58758,"casual",-41.31667314,174.7862955,"Kaka","Nestor meridionalis"
"440",1034381,58758,"research",-41.33175733,174.8548102,"Kaka","Nestor meridionalis"
"441",1034458,13200,"research",-41.22058338,174.8639023,"Kaka","Nestor meridionalis septentrionalis"
"442",1034521,59040,"research",-41.3573103,174.7245602,"Kaka","Nestor meridionalis"
"443",1034528,58758,"research",-41.31581824,174.7239862,"Kaka","Nestor meridionalis"
"444",1034542,59033,"research",-41.23369584,174.8152989,"Kaka","Nestor meridionalis"
"445",1034556,58909,"research",-41.24362042,174.6756113,"Kaka","Nestor meridionalis"
"446",1034557,58909,"casual",-41.23163437,174.7901423,"Kaka","Nestor meridionalis"
"447",1046566,41307,"research",-41.80939156,172.5135714,"Kaka","Nestor meridionalis meridionalis"
"448",1050252,16490,"casual",-41.33033731,174.9846638,"Kaka","Nestor meridionalis septentrionalis"
"449",1050262,16490,"casual",-41.27476292,174.8563539,"Kaka","Nestor meridionalis septentrionalis"
"450",1050279,16490,"casual",-41.22734784,174.6989107,"Kaka","Nestor meridionalis septentrionalis"
"451",1050390,16490,"casual",-41.28063714,174.7196454,"Kaka","Nestor meridionalis septentrionalis"
"452",1055260,40857,"research",-39.0207857,176.0022447,"Kaka","Nestor meridionalis"
"453",1055799,62323,"research",-41.33236218,174.6448443,"Kaka","Nestor meridionalis septentrionalis"
"454",1055802,62323,"research",-41.32963582,174.713932,"Kaka","Nestor meridionalis septentrionalis"
"455",1055803,62323,"research",-41.32073764,174.702846,"Kaka","Nestor meridionalis"
"456",1055809,62323,"research",-41.297849,174.6853674,"Kaka","Nestor meridionalis septentrionalis"
"457",1055854,62324,"research",-41.22622744,174.8039247,"Kaka","Nestor meridionalis"
"458",1055855,62324,"research",-41.25627206,174.644953,"Kaka","Nestor meridionalis"
"459",1056848,62404,"research",-41.28216746,174.7462036,"Kaka","Nestor meridionalis"
"460",1056858,62403,"research",-41.2404834,174.7623751,"Kaka","Nestor meridionalis"
"461",1056860,62403,"research",-41.36631264,174.7732584,"Kaka","Nestor meridionalis septentrionalis"
"462",1058313,62540,"research",-41.22479202,174.8064638,"Kaka","Nestor meridionalis"
"463",1064010,13200,"research",-41.286803,174.7793503,"Kaka","Nestor meridionalis septentrionalis"
"464",1066357,62985,"research",-41.32110254,174.6757756,"Kaka","Nestor meridionalis septentrionalis"
"465",1066358,62985,"research",-41.3842309,174.7448934,"Kaka","Nestor meridionalis septentrionalis"
"466",1066406,62594,"research",-41.36629412,174.6930538,"Kaka","Nestor meridionalis septentrionalis"
"467",1067607,63050,"research",-41.28459121,174.6400693,"Kaka","Nestor meridionalis septentrionalis"
"468",1069472,63183,"research",-41.37474405,174.786653,"Kaka","Nestor meridionalis"
"469",1069494,63182,"research",-41.28358082,174.7498444,"Kaka","Nestor meridionalis"
"470",1069710,58249,"casual",-39.02274197,175.7657911,"Kaka","Nestor meridionalis septentrionalis"
"471",1069763,16490,"research",-41.25408177,174.8344918,"Kaka","Nestor meridionalis septentrionalis"
"472",1070405,63184,"research",-41.34650006,174.7847569,"Kaka","Nestor meridionalis septentrionalis"
"473",1070667,63281,"research",-41.3300658,174.7147546,"Kaka","Nestor meridionalis septentrionalis"
"474",1070668,63281,"research",-41.2598782,174.6487321,"Kaka","Nestor meridionalis septentrionalis"
"475",1071824,63280,"research",-41.23512159,174.8194968,"Kaka","Nestor meridionalis septentrionalis"
"476",1077644,63754,"research",-41.22534171,174.7342904,"Kaka","Nestor meridionalis"
"477",1077645,63754,"research",-41.37341962,174.7990075,"Kaka","Nestor meridionalis"
"478",1077657,63752,"research",-41.23490412,174.790363,"Kaka","Nestor meridionalis"
"479",1079081,16490,"research",-41.38794394,174.6114401,"Kaka","Nestor meridionalis septentrionalis"
"480",1079111,16490,"research",-41.26630375,174.7148699,"Kaka","Nestor meridionalis septentrionalis"
"481",1079112,16490,"research",-41.31154118,174.6380098,"Kaka","Nestor meridionalis septentrionalis"
"482",1079701,58290,"research",-41.20780483,174.7096423,"Kaka","Nestor meridionalis septentrionalis"
"483",1079706,58290,"research",-41.16290205,174.729495,"Kaka","Nestor meridionalis septentrionalis"
"484",1079715,63917,"research",-41.36455335,174.7627455,"Kaka","Nestor meridionalis septentrionalis"
"485",1081138,58290,"research",-41.26957608,174.7032307,"Kaka","Nestor meridionalis septentrionalis"
"486",1083613,16490,"research",-41.35010922,174.7214688,"Kaka","Nestor meridionalis septentrionalis"
"487",1083627,16490,"research",-41.31776139,174.710094,"Kaka","Nestor meridionalis septentrionalis"
"488",1098312,24606,"research",-41.29448854,174.6718656,"Kaka","Nestor meridionalis septentrionalis"
"489",1106326,65235,"research",-41.2812742,174.6652473,"Kaka","Nestor meridionalis"
"490",1106698,65245,"research",-38.03162925,175.5076307,"Kaka","Nestor meridionalis"
"491",1118476,65805,"research",-41.3734965,174.7587259,"Kaka","Nestor meridionalis"
"492",1125349,66177,"research",-41.26950529,174.6789976,"Kaka","Nestor meridionalis septentrionalis"
"493",1125356,66177,"research",-41.29753361,174.7478471,"Kaka","Nestor meridionalis septentrionalis"
"494",1125368,66176,"research",-41.21769456,174.7040011,"Kaka","Nestor meridionalis"
"495",1125369,66176,"research",-41.30818129,174.8532809,"Kaka","Nestor meridionalis septentrionalis"
"496",1125387,66179,"research",-41.25417379,174.7437417,"Kaka","Nestor meridionalis septentrionalis"
"497",1130865,59272,"research",-41.25916908,174.645653,"Kaka","Nestor meridionalis septentrionalis"
"498",1133214,58096,"research",-41.26846171,174.8280918,"Kaka","Nestor meridionalis septentrionalis"
"499",1139467,16490,"casual",-41.26893547,174.8321206,"Kaka","Nestor meridionalis septentrionalis"
"500",1142758,67515,"research",-41.36865365,174.7006148,"Kaka","Nestor meridionalis septentrionalis"
"501",1152447,57754,"casual",-40.85135077,175.4827862,"Kaka","Nestor meridionalis"
"502",1153343,59227,"research",-36.50896331,175.3131386,"Kaka","Nestor meridionalis"
"503",1156124,57588,"casual",-38.06559364,175.1453827,"Kaka","Nestor meridionalis septentrionalis"
"504",1171131,58249,"casual",-38.9310164,175.7341763,"Kaka","Nestor meridionalis septentrionalis"
"505",1171273,59272,"research",-41.29972054,174.7893936,"Kaka","Nestor meridionalis"
"506",1174513,59227,"casual",-40.70723448,175.7505672,"Kaka","Nestor meridionalis"
"507",1175873,16490,"casual",-41.26467897,174.8114284,"Kaka","Nestor meridionalis"
"508",1176421,57756,"casual",-44.29101314,169.7926153,"Kaka","Nestor meridionalis meridionalis"
"509",1177001,24606,"research",-41.18757242,174.8284337,"Kaka","Nestor meridionalis septentrionalis"
"510",1180246,16490,"casual",-41.31825383,174.5963775,"Kaka","Nestor meridionalis septentrionalis"
"511",1180253,16490,"casual",-41.37670206,174.7904565,"Kaka","Nestor meridionalis septentrionalis"
"512",1180920,71107,"research",-40.07261602,175.9349513,"Kaka","Nestor meridionalis septentrionalis"
"513",1185189,24606,"research",-41.30832742,174.6727326,"Kaka","Nestor meridionalis septentrionalis"
"514",1241625,77477,"research",-41.27791927,174.7316655,"Kaka","Nestor meridionalis"
"515",1284627,57739,"research",-46.81181111,168.0709504,"Kaka","Nestor meridionalis"
"516",1296748,82057,"research",-41.24254867,174.8189002,"Kaka","Nestor meridionalis septentrionalis"
"517",1326033,83148,"research",-41.29917261,174.6874605,"Kaka","Nestor meridionalis"
"518",1326034,83148,"research",-41.30985047,174.7496571,"Kaka","Nestor meridionalis septentrionalis"
"519",1326037,83148,"research",-41.30054108,174.6857063,"Kaka","Nestor meridionalis"
"520",1328619,84780,"research",-41.28468378,174.6756058,"Kaka","Nestor meridionalis septentrionalis"
"521",1342323,85610,"research",-41.37276735,174.7116304,"Kaka","Nestor meridionalis septentrionalis"
"522",1342324,85610,"research",-41.30173283,174.6967691,"Kaka","Nestor meridionalis septentrionalis"
"523",1342325,85610,"research",-41.29966487,174.7753246,"Kaka","Nestor meridionalis septentrionalis"
"524",1342363,85609,"research",-41.34056275,174.7336124,"Kaka","Nestor meridionalis septentrionalis"
"525",1342364,85609,"research",-41.23639894,174.8149533,"Kaka","Nestor meridionalis"
"526",1353326,81517,"research",-41.28534353,174.6628121,"Kaka","Nestor meridionalis septentrionalis"
"527",1354185,86620,"research",-41.38518055,174.7590157,"Kaka","Nestor meridionalis septentrionalis"
"528",1376925,59227,"research",-44.80812152,168.158429,"Kaka","Nestor meridionalis meridionalis"
"529",1393960,57553,"casual",-41.30351636,174.7515842,"Kaka","Nestor meridionalis septentrionalis"
"530",1433182,2804,"casual",-36.75043986,175.6699537,"Kaka","Nestor meridionalis"
"531",1435431,94144,"research",-41.30516609,174.7590157,"Kaka","Nestor meridionalis"
"532",1435432,94144,"research",-41.34137894,174.7498594,"Kaka","Nestor meridionalis septentrionalis"
"533",1435433,94144,"research",-41.35710849,174.8139698,"Kaka","Nestor meridionalis"
"534",1455641,96019,"research",-41.35023665,174.7924942,"Kaka","Nestor meridionalis"
"535",1455642,96019,"research",-41.32079886,174.8568964,"Kaka","Nestor meridionalis"
"536",1455643,96019,"research",-41.28833496,174.749016,"Kaka","Nestor meridionalis septentrionalis"
"537",1455783,96020,"research",-41.26891891,174.8134635,"Kaka","Nestor meridionalis septentrionalis"
"538",1455785,96020,"research",-41.24912973,174.6668634,"Kaka","Nestor meridionalis septentrionalis"
"539",1455835,96017,"research",-41.31013714,174.7773224,"Kaka","Nestor meridionalis septentrionalis"
"540",1455840,96017,"research",-41.27641072,174.6939627,"Kaka","Nestor meridionalis septentrionalis"
"541",1456003,96016,"research",-41.24208751,174.8191163,"Kaka","Nestor meridionalis"
"542",1458268,96017,"research",-41.30225971,174.8224598,"Kaka","Nestor meridionalis septentrionalis"
"543",1461417,96728,"research",-41.24439866,174.7356333,"Kaka","Nestor meridionalis septentrionalis"
"544",1461427,96728,"research",-41.36364975,174.8153972,"Kaka","Nestor meridionalis septentrionalis"
"545",1494561,57661,"research",-36.95903477,174.7370497,"Kaka","Nestor meridionalis septentrionalis"
"546",1510789,58340,"research",-46.94532113,168.0798767,"Kaka","Nestor meridionalis meridionalis"
"547",1527882,103892,"research",-38.50394168,175.6509191,"Kaka","Nestor meridionalis septentrionalis"
"548",1539106,104940,"casual",-36.62183957,174.6277824,"Kaka","Nestor meridionalis septentrionalis"
"549",1540666,61065,"research",-41.23086364,174.7770353,"Kaka","Nestor meridionalis septentrionalis"
"550",1562212,5302,"research",-41.37325673,174.7914815,"Kaka","Nestor meridionalis septentrionalis"
"551",1602465,1115,"research",-45.75127697,170.5395364,"Kaka","Nestor meridionalis meridionalis"
"552",1609856,108758,"research",-41.31381031,174.8226694,"Kaka","Nestor meridionalis"
"553",1612845,108915,"research",-41.23959591,174.695504,"Kaka","Nestor meridionalis septentrionalis"
"554",1612846,108915,"research",-41.26473321,174.7923684,"Kaka","Nestor meridionalis"
"555",1617441,109197,"research",-41.36516812,174.7389907,"Kaka","Nestor meridionalis septentrionalis"
"556",1617943,108915,"research",-41.35268365,174.7618906,"Kaka","Nestor meridionalis"
"557",1617944,108915,"research",-41.33962536,174.69706,"Kaka","Nestor meridionalis"
"558",1617947,108915,"research",-41.31369635,174.6398636,"Kaka","Nestor meridionalis"
"559",1636097,110257,"research",-41.28682428,174.6759075,"Kaka","Nestor meridionalis septentrionalis"
"560",1636120,110257,"research",-41.24238058,174.6818311,"Kaka","Nestor meridionalis septentrionalis"
"561",1636122,110257,"research",-41.33596777,174.8191623,"Kaka","Nestor meridionalis septentrionalis"
"562",1640185,110504,"casual",-41.25038217,174.7695689,"Kaka","Nestor meridionalis septentrionalis"
"563",1640238,110504,"research",-41.25513495,174.7678077,"Kaka","Nestor meridionalis"
"564",1649062,58745,"research",-46.91296537,168.2155185,"Kaka","Nestor meridionalis meridionalis"
"565",1677971,111820,"research",-41.31899034,174.8485566,"Kaka","Nestor meridionalis septentrionalis"
"566",1677973,111820,"research",-41.26782452,174.718462,"Kaka","Nestor meridionalis"
"567",1686847,112012,"research",-41.38009748,174.7458831,"Kaka","Nestor meridionalis septentrionalis"
"568",1686848,112012,"research",-41.33672741,174.7755439,"Kaka","Nestor meridionalis septentrionalis"
"569",1690545,86618,"research",-41.27261835,174.8252187,"Kaka","Nestor meridionalis"
"570",1703881,112734,"research",-41.26645841,174.8236239,"Kaka","Nestor meridionalis septentrionalis"
"571",1704118,112719,"research",-41.36908257,174.6833055,"Kaka","Nestor meridionalis"
"572",1704205,112719,"research",-41.25941376,174.8266446,"Kaka","Nestor meridionalis"
"573",1769817,116332,"research",-45.1978202,170.9386406,"Kaka","Nestor meridionalis meridionalis"
